,Yearly_quarter,Time_Resolution
0,2019-Q1,795.2834909171572
1,2019-Q2,685.0782056590771
2,2019-Q3,595.953057914386
3,2019-Q4,657.8369612044413
4,2020-Q1,228.81684193268515
5,2020-Q2,100.60775254134691
6,2020-Q3,89.18083744469638
7,2020-Q4,79.4467294730296
8,2021-Q1,62.314477148862764
9,2021-Q2,40.669545821873854
10,2021-Q3,37.56942913277442
11,2021-Q4,26.289069394054955
12,2022-Q1,30.177457591937237
13,2022-Q2,37.44469824871953
14,2022-Q3,37.891662290852565
